accuracy,f1,roc_auc,model
0.98032,0.7602339181286549,0.9078652190379726,Stacking
0.97744,0.7068607068607069,0.9066166584726455,Boosting
0.972,0.6031746031746031,0.9004174292039302,RandomForest
0.96256,0.4090909090909091,0.8400411948253248,LogisticRegression
0.96752,0.5653104925053534,0.8021938601294271,DecisionTree
0.95088,0.0,0.5,Dummy
