experiment_id,desc,mean_iou,precision,recall
V1,segmentation-base,0.0072145591031175845,0.030929745649800146,0.06336907999384268
V2,segmentation-postprocess,0.006961275839881452,0.03251924192309501,0.05508448323169383
